"0","readDNAStringSet(file = ""Homo sapiens CD4.fna"", format=""fasta"",
               nrec=-1L, skip=0L, seek.first.rec=FALSE, use.names=TRUE)
"
"1","DNAStringSet"
"1",""
"1"," object of length "
"1",""
"1","1"
"1",":"
"1","
"
"1","    "
"1",""
"1","width"
"1"," seq                                        "
"1",""
"1","names               "
"1","
"
"1","[1]"
"1",""
"1"," "
"1",""
"1","31272"
"1",""
"1"," "
"1",""
"1","[48;5;157m[30mC[39m[49m[48;5;223m[30mT[39m[49m[48;5;157m[30mC[39m[49m[48;5;223m[30mT[39m[49m[48;5;157m[30mC[39m[49m[48;5;223m[30mT[39m[49m[48;5;223m[30mT[39m[49m[48;5;157m[30mC[39m[49m[48;5;217m[30mA[39m[49m[48;5;223m[30mT[39m[49m[48;5;223m[30mT[39m[49m[48;5;223m[30mT[39m[49m[48;5;217m[30mA[39m[49m[48;5;217m[30mA[39m[49m[48;5;159m[30mG[39m[49m[48;5;157m[30mC[39m[49m[48;5;217m[30mA[39m[49m[48;5;157m[30mC[39m[49m[48;5;159m[30mG[39m[49m[48;5;217m[30mA[39m[49m...[48;5;217m[30mA[39m[49m[48;5;217m[30mA[39m[49m[48;5;217m[30mA[39m[49m[48;5;217m[30mA[39m[49m[48;5;217m[30mA[39m[49m[48;5;223m[30mT[39m[49m[48;5;217m[30mA[39m[49m[48;5;157m[30mC[39m[49m[48;5;217m[30mA[39m[49m[48;5;217m[30mA[39m[49m[48;5;223m[30mT[39m[49m[48;5;217m[30mA[39m[49m[48;5;217m[30mA[39m[49m[48;5;217m[30mA[39m[49m[48;5;157m[30mC[39m[49m[48;5;223m[30mT[39m[49m[48;5;223m[30mT[39m[49m[48;5;217m[30mA[39m[49m[48;5;157m[30mC[39m[49m"
"1"," "
"1",""
"1","NC_000012.12:6789..."
"1","
"
